{
  "models_comparison": {
    "Baseline CNN": {
      "accuracy": 0.9539249146757679,
      "precision": 0.9651972157772621,
      "recall": 0.9719626168224299,
      "f1": 0.9685681024447031,
      "auc": 0.982210457825624
    },
    "ResNet50": {
      "accuracy": 0.9232081911262798,
      "precision": 0.9848101265822785,
      "recall": 0.9088785046728972,
      "f1": 0.945321992709599,
      "auc": 0.9842955163847156
    },
    "EfficientNetB0": {
      "accuracy": 0.7303754266211604,
      "precision": 0.7303754266211604,
      "recall": 1.0,
      "f1": 0.8441814595660749,
      "auc": 0.6345676091328523
    }
  },
  "best_model": "ResNet50",
  "test_metrics": {
    "accuracy": 0.9232081911262798,
    "precision": 0.9848101265822785,
    "recall": 0.9088785046728972,
    "specificity": 0.9620253164556962,
    "f1_score": 0.945321992709599,
    "auc": 0.9842955163847156,
    "npv": 0.7958115183246073
  },
  "confusion_matrix": [
    [
      152,
      6
    ],
    [
      39,
      389
    ]
  ]
}